observation_date,port_id,port_name,port_category,total_cargo_mt,total_cargo_tonnes,container_traffic_teu,overseas_loaded_cargo_tonnes,overseas_unloaded_cargo_tonnes,vessel_traffic_count,output_per_ship_berth_day_tonnes,turnaround_time_hours,berth_utilization_percent,source,source_url,license_status,retrieval_timestamp,dataset_version
2021-04-01,india-paradip,Paradip Port,Major Port - East Coast,11.016,11016000,4160,3084480,7931520,188,30500.0,46.0,78.0,"Indian Ports Association (IPA) / Ministry of Ports, Shipping and Waterways",https://ipa.nic.in/,Government of India Open Data License (NDSAP),2021-04-01T10:00:00Z,v1.0-india-mopsw
2021-04-01,india-visakhapatnam,Visakhapatnam Port,Major Port - East Coast,6.324,6324000,49920,2023680,4300320,193,21000.0,56.0,72.0,"Indian Ports Association (IPA) / Ministry of Ports, Shipping and Waterways",https://ipa.nic.in/,Government of India Open Data License (NDSAP),2021-04-01T10:00:00Z,v1.0-india-mopsw
2021-04-01,india-kamarajar,Kamarajar Port (Ennore),Major Port - East Coast,3.468,3468000,43680,762960,2705040,107,26500.0,44.0,68.0,"Indian Ports Association (IPA) / Ministry of Ports, Shipping and Waterways",https://ipa.nic.in/,Government of India Open Data License (NDSAP),2021-04-01T10:00:00Z,v1.0-india-mopsw
2021-04-01,india-chennai,Chennai Port,Major Port - East Coast,4.182,4182000,126880,1589160,2592840,158,18000.0,52.0,66.0,"Indian Ports Association (IPA) / Ministry of Ports, Shipping and Waterways",https://ipa.nic.in/,Government of India Open Data License (NDSAP),2021-04-01T10:00:00Z,v1.0-india-mopsw
2021-04-01,india-vocpt,V.O. Chidambaranar Port (Tuticorin),Major Port - East Coast,3.264,3264000,64480,979200,2284800,127,16500.0,48.0,69.0,"Indian Ports Association (IPA) / Ministry of Ports, Shipping and Waterways",https://ipa.nic.in/,Government of India Open Data License (NDSAP),2021-04-01T10:00:00Z,v1.0-india-mopsw
2021-04-01,india-kolkata-haldia,Syama Prasad Mookerjee Port (Kolkata/Haldia),Major Port - East Coast,5.202,5202000,54080,1352520,3849480,280,11400.0,78.0,75.0,"Indian Ports Association (IPA) / Ministry of Ports, Shipping and Waterways",https://ipa.nic.in/,Government of India Open Data License (NDSAP),2021-04-01T10:00:00Z,v1.0-india-mopsw
2021-05-01,india-paradip,Paradip Port,Major Port - East Coast,11.495,11495000,4157,3218600,8276400,189,30654.0,46.5,79.4,"Indian Ports Association (IPA) / Ministry of Ports, Shipping and Waterways",https://ipa.nic.in/,Government of India Open Data License (NDSAP),2021-05-01T10:00:00Z,v1.0-india-mopsw
2021-05-01,india-visakhapatnam,Visakhapatnam Port,Major Port - East Coast,6.596,6596000,49933,2110720,4485280,194,21130.0,56.5,73.4,"Indian Ports Association (IPA) / Ministry of Ports, Shipping and Waterways",https://ipa.nic.in/,Government of India Open Data License (NDSAP),2021-05-01T10:00:00Z,v1.0-india-mopsw
2021-05-01,india-kamarajar,Kamarajar Port (Ennore),Major Port - East Coast,3.625,3625000,43764,797500,2827500,107,26644.0,44.5,69.4,"Indian Ports Association (IPA) / Ministry of Ports, Shipping and Waterways",https://ipa.nic.in/,Government of India Open Data License (NDSAP),2021-05-01T10:00:00Z,v1.0-india-mopsw
2021-05-01,india-chennai,Chennai Port,Major Port - East Coast,4.358,4358000,126703,1656040,2701960,158,18123.0,52.5,67.4,"Indian Ports Association (IPA) / Ministry of Ports, Shipping and Waterways",https://ipa.nic.in/,Government of India Open Data License (NDSAP),2021-05-01T10:00:00Z,v1.0-india-mopsw
2021-05-01,india-vocpt,V.O. Chidambaranar Port (Tuticorin),Major Port - East Coast,3.404,3404000,64443,1021200,2382800,127,16619.0,48.5,70.4,"Indian Ports Association (IPA) / Ministry of Ports, Shipping and Waterways",https://ipa.nic.in/,Government of India Open Data License (NDSAP),2021-05-01T10:00:00Z,v1.0-india-mopsw
2021-05-01,india-kolkata-haldia,Syama Prasad Mookerjee Port (Kolkata/Haldia),Major Port - East Coast,5.424,5424000,54004,1410240,4013760,280,11506.0,78.5,76.4,"Indian Ports Association (IPA) / Ministry of Ports, Shipping and Waterways",https://ipa.nic.in/,Government of India Open Data License (NDSAP),2021-05-01T10:00:00Z,v1.0-india-mopsw
2021-06-01,india-paradip,Paradip Port,Major Port - East Coast,10.928,10928000,4120,3059840,7868160,174,30796.0,47.0,80.5,"Indian Ports Association (IPA) / Ministry of Ports, Shipping and Waterways",https://ipa.nic.in/,Government of India Open Data License (NDSAP),2021-06-01T10:00:00Z,v1.0-india-mopsw
2021-06-01,india-visakhapatnam,Visakhapatnam Port,Major Port - East Coast,6.268,6268000,49527,2005760,4262240,179,21248.0,56.9,74.5,"Indian Ports Association (IPA) / Ministry of Ports, Shipping and Waterways",https://ipa.nic.in/,Government of India Open Data License (NDSAP),2021-06-01T10:00:00Z,v1.0-india-mopsw
2021-06-01,india-kamarajar,Kamarajar Port (Ennore),Major Port - East Coast,3.452,3452000,43479,759440,2692560,99,26776.0,45.0,70.5,"Indian Ports Association (IPA) / Ministry of Ports, Shipping and Waterways",https://ipa.nic.in/,Government of India Open Data License (NDSAP),2021-06-01T10:00:00Z,v1.0-india-mopsw
2021-06-01,india-chennai,Chennai Port,Major Port - East Coast,4.138,4138000,125467,1572440,2565560,146,18233.0,53.0,68.5,"Indian Ports Association (IPA) / Ministry of Ports, Shipping and Waterways",https://ipa.nic.in/,Government of India Open Data License (NDSAP),2021-06-01T10:00:00Z,v1.0-india-mopsw
2021-06-01,india-vocpt,V.O. Chidambaranar Port (Tuticorin),Major Port - East Coast,3.235,3235000,63867,970500,2264500,117,16726.0,49.0,71.5,"Indian Ports Association (IPA) / Ministry of Ports, Shipping and Waterways",https://ipa.nic.in/,Government of India Open Data License (NDSAP),2021-06-01T10:00:00Z,v1.0-india-mopsw
2021-06-01,india-kolkata-haldia,Syama Prasad Mookerjee Port (Kolkata/Haldia),Major Port - East Coast,5.152,5152000,53477,1339520,3812480,259,11600.0,78.9,77.5,"Indian Ports Association (IPA) / Ministry of Ports, Shipping and Waterways",https://ipa.nic.in/,Government of India Open Data License (NDSAP),2021-06-01T10:00:00Z,v1.0-india-mopsw
2021-07-01,india-paradip,Paradip Port,Major Port - East Coast,11.074,11074000,4061,3100720,7973280,174,30915.0,47.3,81.0,"Indian Ports Association (IPA) / Ministry of Ports, Shipping and Waterways",https://ipa.nic.in/,Government of India Open Data License (NDSAP),2021-07-01T10:00:00Z,v1.0-india-mopsw
2021-07-01,india-visakhapatnam,Visakhapatnam Port,Major Port - East Coast,6.349,6349000,48857,2031680,4317320,179,21344.0,57.3,75.0,"Indian Ports Association (IPA) / Ministry of Ports, Shipping and Waterways",https://ipa.nic.in/,Government of India Open Data License (NDSAP),2021-07-01T10:00:00Z,v1.0-india-mopsw
2021-07-01,india-kamarajar,Kamarajar Port (Ennore),Major Port - East Coast,3.503,3503000,42961,770660,2732340,99,26885.0,45.3,71.0,"Indian Ports Association (IPA) / Ministry of Ports, Shipping and Waterways",https://ipa.nic.in/,Government of India Open Data License (NDSAP),2021-07-01T10:00:00Z,v1.0-india-mopsw
2021-07-01,india-chennai,Chennai Port,Major Port - East Coast,4.188,4187999,123568,1591440,2596559,146,18321.0,53.3,69.0,"Indian Ports Association (IPA) / Ministry of Ports, Shipping and Waterways",https://ipa.nic.in/,Government of India Open Data License (NDSAP),2021-07-01T10:00:00Z,v1.0-india-mopsw
2021-07-01,india-vocpt,V.O. Chidambaranar Port (Tuticorin),Major Port - East Coast,3.277,3277000,62952,983100,2293900,118,16810.0,49.3,72.0,"Indian Ports Association (IPA) / Ministry of Ports, Shipping and Waterways",https://ipa.nic.in/,Government of India Open Data License (NDSAP),2021-07-01T10:00:00Z,v1.0-india-mopsw
2021-07-01,india-kolkata-haldia,Syama Prasad Mookerjee Port (Kolkata/Haldia),Major Port - East Coast,5.216,5216000,52668,1356160,3859840,259,11672.0,79.2,78.0,"Indian Ports Association (IPA) / Ministry of Ports, Shipping and Waterways",https://ipa.nic.in/,Government of India Open Data License (NDSAP),2021-07-01T10:00:00Z,v1.0-india-mopsw
2021-08-01,india-paradip,Paradip Port,Major Port - East Coast,11.0,11000000,3998,3080000,7920000,175,31005.0,47.6,80.7,"Indian Ports Association (IPA) / Ministry of Ports, Shipping and Waterways",https://ipa.nic.in/,Government of India Open Data License (NDSAP),2021-08-01T10:00:00Z,v1.0-india-mopsw
2021-08-01,india-visakhapatnam,Visakhapatnam Port,Major Port - East Coast,6.304,6304000,48145,2017280,4286720,179,21410.0,57.5,74.7,"Indian Ports Association (IPA) / Ministry of Ports, Shipping and Waterways",https://ipa.nic.in/,Government of India Open Data License (NDSAP),2021-08-01T10:00:00Z,v1.0-india-mopsw
2021-08-01,india-kamarajar,Kamarajar Port (Ennore),Major Port - East Coast,3.486,3486000,42402,766920,2719080,99,26965.0,45.6,70.7,"Indian Ports Association (IPA) / Ministry of Ports, Shipping and Waterways",https://ipa.nic.in/,Government of India Open Data License (NDSAP),2021-08-01T10:00:00Z,v1.0-india-mopsw
2021-08-01,india-chennai,Chennai Port,Major Port - East Coast,4.155,4155000,121568,1578900,2576100,146,18380.0,53.5,68.7,"Indian Ports Association (IPA) / Ministry of Ports, Shipping and Waterways",https://ipa.nic.in/,Government of India Open Data License (NDSAP),2021-08-01T10:00:00Z,v1.0-india-mopsw
2021-08-01,india-vocpt,V.O. Chidambaranar Port (Tuticorin),Major Port - East Coast,3.254,3254000,61984,976200,2277800,118,16865.0,49.5,71.7,"Indian Ports Association (IPA) / Ministry of Ports, Shipping and Waterways",https://ipa.nic.in/,Government of India Open Data License (NDSAP),2021-08-01T10:00:00Z,v1.0-india-mopsw
2021-08-01,india-kolkata-haldia,Syama Prasad Mookerjee Port (Kolkata/Haldia),Major Port - East Coast,5.177,5177000,51816,1346020,3830980,260,11714.0,79.3,77.7,"Indian Ports Association (IPA) / Ministry of Ports, Shipping and Waterways",https://ipa.nic.in/,Government of India Open Data License (NDSAP),2021-08-01T10:00:00Z,v1.0-india-mopsw
2021-09-01,india-paradip,Paradip Port,Major Port - East Coast,11.648,11648000,3952,3261440,8386560,190,31063.0,47.6,79.8,"Indian Ports Association (IPA) / Ministry of Ports, Shipping and Waterways",https://ipa.nic.in/,Government of India Open Data License (NDSAP),2021-09-01T10:00:00Z,v1.0-india-mopsw
2021-09-01,india-visakhapatnam,Visakhapatnam Port,Major Port - East Coast,6.673,6673000,47623,2135360,4537640,195,21444.0,57.5,73.8,"Indian Ports Association (IPA) / Ministry of Ports, Shipping and Waterways",https://ipa.nic.in/,Government of India Open Data License (NDSAP),2021-09-01T10:00:00Z,v1.0-india-mopsw
2021-09-01,india-kamarajar,Kamarajar Port (Ennore),Major Port - East Coast,3.697,3697000,42009,813340,2883660,107,27013.0,45.6,69.8,"Indian Ports Association (IPA) / Ministry of Ports, Shipping and Waterways",https://ipa.nic.in/,Government of India Open Data License (NDSAP),2021-09-01T10:00:00Z,v1.0-india-mopsw
2021-09-01,india-chennai,Chennai Port,Major Port - East Coast,4.395,4395000,120058,1670100,2724900,159,18407.0,53.6,67.8,"Indian Ports Association (IPA) / Ministry of Ports, Shipping and Waterways",https://ipa.nic.in/,Government of India Open Data License (NDSAP),2021-09-01T10:00:00Z,v1.0-india-mopsw
2021-09-01,india-vocpt,V.O. Chidambaranar Port (Tuticorin),Major Port - East Coast,3.444,3444000,61263,1033200,2410800,128,16888.0,49.6,70.8,"Indian Ports Association (IPA) / Ministry of Ports, Shipping and Waterways",https://ipa.nic.in/,Government of India Open Data License (NDSAP),2021-09-01T10:00:00Z,v1.0-india-mopsw
2021-09-01,india-kolkata-haldia,Syama Prasad Mookerjee Port (Kolkata/Haldia),Major Port - East Coast,5.478,5478000,51172,1424280,4053720,282,11724.0,79.3,76.8,"Indian Ports Association (IPA) / Ministry of Ports, Shipping and Waterways",https://ipa.nic.in/,Government of India Open Data License (NDSAP),2021-09-01T10:00:00Z,v1.0-india-mopsw
2021-10-01,india-paradip,Paradip Port,Major Port - East Coast,11.236,11236000,3937,3146080,8089920,190,31093.0,47.5,78.4,"Indian Ports Association (IPA) / Ministry of Ports, Shipping and Waterways",https://ipa.nic.in/,Government of India Open Data License (NDSAP),2021-10-01T10:00:00Z,v1.0-india-mopsw
2021-10-01,india-visakhapatnam,Visakhapatnam Port,Major Port - East Coast,6.435,6435000,47482,2059200,4375800,195,21450.0,57.4,72.4,"Indian Ports Association (IPA) / Ministry of Ports, Shipping and Waterways",https://ipa.nic.in/,Government of India Open Data License (NDSAP),2021-10-01T10:00:00Z,v1.0-india-mopsw
2021-10-01,india-kamarajar,Kamarajar Port (Ennore),Major Port - East Coast,3.572,3572000,41950,785840,2786160,108,27033.0,45.5,68.4,"Indian Ports Association (IPA) / Ministry of Ports, Shipping and Waterways",https://ipa.nic.in/,Government of India Open Data License (NDSAP),2021-10-01T10:00:00Z,v1.0-india-mopsw
2021-10-01,india-chennai,Chennai Port,Major Port - East Coast,4.234,4234000,119512,1608920,2625080,159,18405.0,53.4,66.4,"Indian Ports Association (IPA) / Ministry of Ports, Shipping and Waterways",https://ipa.nic.in/,Government of India Open Data License (NDSAP),2021-10-01T10:00:00Z,v1.0-india-mopsw
2021-10-01,india-vocpt,V.O. Chidambaranar Port (Tuticorin),Major Port - East Coast,3.321,3321000,61033,996300,2324700,128,16883.0,49.5,69.4,"Indian Ports Association (IPA) / Ministry of Ports, Shipping and Waterways",https://ipa.nic.in/,Government of India Open Data License (NDSAP),2021-10-01T10:00:00Z,v1.0-india-mopsw
2021-10-01,india-kolkata-haldia,Syama Prasad Mookerjee Port (Kolkata/Haldia),Major Port - East Coast,5.28,5280000,50939,1372800,3907200,283,11706.0,79.2,75.4,"Indian Ports Association (IPA) / Ministry of Ports, Shipping and Waterways",https://ipa.nic.in/,Government of India Open Data License (NDSAP),2021-10-01T10:00:00Z,v1.0-india-mopsw
2021-11-01,india-paradip,Paradip Port,Major Port - East Coast,10.822,10822000,3962,3030160,7791840,190,31101.0,47.2,76.9,"Indian Ports Association (IPA) / Ministry of Ports, Shipping and Waterways",https://ipa.nic.in/,Government of India Open Data License (NDSAP),2021-11-01T10:00:00Z,v1.0-india-mopsw
2021-11-01,india-visakhapatnam,Visakhapatnam Port,Major Port - East Coast,6.195,6195000,47819,1982400,4212600,196,21434.0,57.1,70.9,"Indian Ports Association (IPA) / Ministry of Ports, Shipping and Waterways",https://ipa.nic.in/,Government of India Open Data License (NDSAP),2021-11-01T10:00:00Z,v1.0-india-mopsw
2021-11-01,india-kamarajar,Kamarajar Port (Ennore),Major Port - East Coast,3.446,3446000,42313,758120,2687880,108,27031.0,45.2,66.9,"Indian Ports Association (IPA) / Ministry of Ports, Shipping and Waterways",https://ipa.nic.in/,Government of India Open Data License (NDSAP),2021-11-01T10:00:00Z,v1.0-india-mopsw
2021-11-01,india-chennai,Chennai Port,Major Port - East Coast,4.073,4073000,120170,1547740,2525260,159,18382.0,53.1,64.9,"Indian Ports Association (IPA) / Ministry of Ports, Shipping and Waterways",https://ipa.nic.in/,Government of India Open Data License (NDSAP),2021-11-01T10:00:00Z,v1.0-india-mopsw
2021-11-01,india-vocpt,V.O. Chidambaranar Port (Tuticorin),Major Port - East Coast,3.197,3197000,61418,959100,2237900,128,16856.0,49.2,67.9,"Indian Ports Association (IPA) / Ministry of Ports, Shipping and Waterways",https://ipa.nic.in/,Government of India Open Data License (NDSAP),2021-11-01T10:00:00Z,v1.0-india-mopsw
2021-11-01,india-kolkata-haldia,Syama Prasad Mookerjee Port (Kolkata/Haldia),Major Port - East Coast,5.081,5081000,51220,1321060,3759940,283,11666.0,78.8,73.9,"Indian Ports Association (IPA) / Ministry of Ports, Shipping and Waterways",https://ipa.nic.in/,Government of India Open Data License (NDSAP),2021-11-01T10:00:00Z,v1.0-india-mopsw
2021-12-01,india-paradip,Paradip Port,Major Port - East Coast,10.526,10526000,4025,2947280,7578720,191,31098.0,46.7,75.7,"Indian Ports Association (IPA) / Ministry of Ports, Shipping and Waterways",https://ipa.nic.in/,Government of India Open Data License (NDSAP),2021-12-01T10:00:00Z,v1.0-india-mopsw
2021-12-01,india-visakhapatnam,Visakhapatnam Port,Major Port - East Coast,6.023,6023000,48614,1927360,4095640,196,21408.0,56.6,69.7,"Indian Ports Association (IPA) / Ministry of Ports, Shipping and Waterways",https://ipa.nic.in/,Government of India Open Data License (NDSAP),2021-12-01T10:00:00Z,v1.0-india-mopsw
2021-12-01,india-kamarajar,Kamarajar Port (Ennore),Major Port - East Coast,3.357,3357000,43083,738540,2618460,108,27018.0,44.8,65.7,"Indian Ports Association (IPA) / Ministry of Ports, Shipping and Waterways",https://ipa.nic.in/,Government of India Open Data License (NDSAP),2021-12-01T10:00:00Z,v1.0-india-mopsw
2021-12-01,india-chennai,Chennai Port,Major Port - East Coast,3.957,3957000,121978,1503660,2453340,160,18348.0,52.7,63.7,"Indian Ports Association (IPA) / Ministry of Ports, Shipping and Waterways",https://ipa.nic.in/,Government of India Open Data License (NDSAP),2021-12-01T10:00:00Z,v1.0-india-mopsw
2021-12-01,india-vocpt,V.O. Chidambaranar Port (Tuticorin),Major Port - East Coast,3.109,3109000,62391,932700,2176300,129,16818.0,48.7,66.7,"Indian Ports Association (IPA) / Ministry of Ports, Shipping and Waterways",https://ipa.nic.in/,Government of India Open Data License (NDSAP),2021-12-01T10:00:00Z,v1.0-india-mopsw
2021-12-01,india-kolkata-haldia,Syama Prasad Mookerjee Port (Kolkata/Haldia),Major Port - East Coast,4.938,4938000,51990,1283880,3654120,284,11616.0,78.3,72.7,"Indian Ports Association (IPA) / Ministry of Ports, Shipping and Waterways",https://ipa.nic.in/,Government of India Open Data License (NDSAP),2021-12-01T10:00:00Z,v1.0-india-mopsw
2022-01-01,india-paradip,Paradip Port,Major Port - East Coast,10.439,10439000,4115,2922920,7516080,191,31098.0,46.2,75.1,"Indian Ports Association (IPA) / Ministry of Ports, Shipping and Waterways",https://ipa.nic.in/,Government of India Open Data License (NDSAP),2022-01-01T10:00:00Z,v1.0-india-mopsw
2022-01-01,india-visakhapatnam,Visakhapatnam Port,Major Port - East Coast,5.971,5971000,49737,1910720,4060280,196,21384.0,56.0,69.1,"Indian Ports Association (IPA) / Ministry of Ports, Shipping and Waterways",https://ipa.nic.in/,Government of India Open Data License (NDSAP),2022-01-01T10:00:00Z,v1.0-india-mopsw
2022-01-01,india-kamarajar,Kamarajar Port (Ennore),Major Port - East Coast,3.334,3334000,44144,733480,2600520,108,27008.0,44.2,65.1,"Indian Ports Association (IPA) / Ministry of Ports, Shipping and Waterways",https://ipa.nic.in/,Government of India Open Data License (NDSAP),2022-01-01T10:00:00Z,v1.0-india-mopsw
2022-01-01,india-chennai,Chennai Port,Major Port - East Coast,3.92,3920000,124600,1489600,2430400,160,18316.0,52.1,63.1,"Indian Ports Association (IPA) / Ministry of Ports, Shipping and Waterways",https://ipa.nic.in/,Government of India Open Data License (NDSAP),2022-01-01T10:00:00Z,v1.0-india-mopsw
2022-01-01,india-vocpt,V.O. Chidambaranar Port (Tuticorin),Major Port - East Coast,3.082,3082000,63782,924600,2157400,129,16783.0,48.1,66.1,"Indian Ports Association (IPA) / Ministry of Ports, Shipping and Waterways",https://ipa.nic.in/,Government of India Open Data License (NDSAP),2022-01-01T10:00:00Z,v1.0-india-mopsw
2022-01-01,india-kolkata-haldia,Syama Prasad Mookerjee Port (Kolkata/Haldia),Major Port - East Coast,4.894,4894000,53108,1272440,3621560,284,11568.0,77.7,72.1,"Indian Ports Association (IPA) / Ministry of Ports, Shipping and Waterways",https://ipa.nic.in/,Government of India Open Data License (NDSAP),2022-01-01T10:00:00Z,v1.0-india-mopsw
2022-02-01,india-paradip,Paradip Port,Major Port - East Coast,10.595,10595000,4213,2966600,7628400,191,31111.0,45.5,75.1,"Indian Ports Association (IPA) / Ministry of Ports, Shipping and Waterways",https://ipa.nic.in/,Government of India Open Data License (NDSAP),2022-02-01T10:00:00Z,v1.0-india-mopsw
2022-02-01,india-visakhapatnam,Visakhapatnam Port,Major Port - East Coast,6.058,6058000,50971,1938560,4119440,197,21374.0,55.3,69.1,"Indian Ports Association (IPA) / Ministry of Ports, Shipping and Waterways",https://ipa.nic.in/,Government of India Open Data License (NDSAP),2022-02-01T10:00:00Z,v1.0-india-mopsw
2022-02-01,india-kamarajar,Kamarajar Port (Ennore),Major Port - East Coast,3.389,3389000,45308,745580,2643420,108,27011.0,43.5,65.1,"Indian Ports Association (IPA) / Ministry of Ports, Shipping and Waterways",https://ipa.nic.in/,Government of India Open Data License (NDSAP),2022-02-01T10:00:00Z,v1.0-india-mopsw
2022-02-01,india-chennai,Chennai Port,Major Port - East Coast,3.973,3973000,127497,1509740,2463260,160,18299.0,51.4,63.1,"Indian Ports Association (IPA) / Ministry of Ports, Shipping and Waterways",https://ipa.nic.in/,Government of India Open Data License (NDSAP),2022-02-01T10:00:00Z,v1.0-india-mopsw
2022-02-01,india-vocpt,V.O. Chidambaranar Port (Tuticorin),Major Port - East Coast,3.126,3126000,65316,937800,2188200,129,16761.0,47.5,66.1,"Indian Ports Association (IPA) / Ministry of Ports, Shipping and Waterways",https://ipa.nic.in/,Government of India Open Data License (NDSAP),2022-02-01T10:00:00Z,v1.0-india-mopsw
2022-02-01,india-kolkata-haldia,Syama Prasad Mookerjee Port (Kolkata/Haldia),Major Port - East Coast,4.963,4963000,54343,1290380,3672620,285,11534.0,77.0,72.1,"Indian Ports Association (IPA) / Ministry of Ports, Shipping and Waterways",https://ipa.nic.in/,Government of India Open Data License (NDSAP),2022-02-01T10:00:00Z,v1.0-india-mopsw
2022-03-01,india-paradip,Paradip Port,Major Port - East Coast,10.963,10963000,4301,3069640,7893360,192,31148.0,44.8,75.9,"Indian Ports Association (IPA) / Ministry of Ports, Shipping and Waterways",https://ipa.nic.in/,Government of India Open Data License (NDSAP),2022-03-01T10:00:00Z,v1.0-india-mopsw
2022-03-01,india-visakhapatnam,Visakhapatnam Port,Major Port - East Coast,6.266,6266000,52075,2005120,4260880,197,21387.0,54.7,69.9,"Indian Ports Association (IPA) / Ministry of Ports, Shipping and Waterways",https://ipa.nic.in/,Government of India Open Data License (NDSAP),2022-03-01T10:00:00Z,v1.0-india-mopsw
2022-03-01,india-kamarajar,Kamarajar Port (Ennore),Major Port - East Coast,3.512,3512000,46357,772640,2739360,109,27038.0,42.9,65.9,"Indian Ports Association (IPA) / Ministry of Ports, Shipping and Waterways",https://ipa.nic.in/,Government of India Open Data License (NDSAP),2022-03-01T10:00:00Z,v1.0-india-mopsw
2022-03-01,india-chennai,Chennai Port,Major Port - East Coast,4.107,4107000,130058,1560660,2546340,160,18305.0,50.7,63.9,"Indian Ports Association (IPA) / Ministry of Ports, Shipping and Waterways",https://ipa.nic.in/,Government of India Open Data License (NDSAP),2022-03-01T10:00:00Z,v1.0-india-mopsw
2022-03-01,india-vocpt,V.O. Chidambaranar Port (Tuticorin),Major Port - East Coast,3.234,3234000,66679,970200,2263800,129,16763.0,46.8,66.9,"Indian Ports Association (IPA) / Ministry of Ports, Shipping and Waterways",https://ipa.nic.in/,Government of India Open Data License (NDSAP),2022-03-01T10:00:00Z,v1.0-india-mopsw
2022-03-01,india-kolkata-haldia,Syama Prasad Mookerjee Port (Kolkata/Haldia),Major Port - East Coast,5.131,5131000,55434,1334060,3796940,285,11523.0,76.3,72.9,"Indian Ports Association (IPA) / Ministry of Ports, Shipping and Waterways",https://ipa.nic.in/,Government of India Open Data License (NDSAP),2022-03-01T10:00:00Z,v1.0-india-mopsw
2022-04-01,india-paradip,Paradip Port,Major Port - East Coast,11.457,11457000,4368,3207960,8249040,192,31216.0,44.2,77.2,"Indian Ports Association (IPA) / Ministry of Ports, Shipping and Waterways",https://ipa.nic.in/,Government of India Open Data License (NDSAP),2022-04-01T10:00:00Z,v1.0-india-mopsw
2022-04-01,india-visakhapatnam,Visakhapatnam Port,Major Port - East Coast,6.545,6545000,52915,2094400,4450600,197,21431.0,54.0,71.2,"Indian Ports Association (IPA) / Ministry of Ports, Shipping and Waterways",https://ipa.nic.in/,Government of India Open Data License (NDSAP),2022-04-01T10:00:00Z,v1.0-india-mopsw
2022-04-01,india-kamarajar,Kamarajar Port (Ennore),Major Port - East Coast,3.676,3676000,47174,808720,2867280,109,27096.0,42.2,67.2,"Indian Ports Association (IPA) / Ministry of Ports, Shipping and Waterways",https://ipa.nic.in/,Government of India Open Data License (NDSAP),2022-04-01T10:00:00Z,v1.0-india-mopsw
2022-04-01,india-chennai,Chennai Port,Major Port - East Coast,4.287,4287000,131955,1629060,2657940,161,18341.0,50.1,65.2,"Indian Ports Association (IPA) / Ministry of Ports, Shipping and Waterways",https://ipa.nic.in/,Government of India Open Data License (NDSAP),2022-04-01T10:00:00Z,v1.0-india-mopsw
2022-04-01,india-vocpt,V.O. Chidambaranar Port (Tuticorin),Major Port - East Coast,3.378,3378000,67704,1013400,2364600,130,16796.0,46.2,68.2,"Indian Ports Association (IPA) / Ministry of Ports, Shipping and Waterways",https://ipa.nic.in/,Government of India Open Data License (NDSAP),2022-04-01T10:00:00Z,v1.0-india-mopsw
2022-04-01,india-kolkata-haldia,Syama Prasad Mookerjee Port (Kolkata/Haldia),Major Port - East Coast,5.358,5358000,56243,1393080,3964920,286,11543.0,75.6,74.2,"Indian Ports Association (IPA) / Ministry of Ports, Shipping and Waterways",https://ipa.nic.in/,Government of India Open Data License (NDSAP),2022-04-01T10:00:00Z,v1.0-india-mopsw
2022-05-01,india-paradip,Paradip Port,Major Port - East Coast,11.953,11953000,4364,3346840,8606160,192,31315.0,43.6,78.6,"Indian Ports Association (IPA) / Ministry of Ports, Shipping and Waterways",https://ipa.nic.in/,Government of India Open Data License (NDSAP),2022-05-01T10:00:00Z,v1.0-india-mopsw
2022-05-01,india-visakhapatnam,Visakhapatnam Port,Major Port - East Coast,6.826,6826000,52914,2184320,4641680,197,21506.0,53.4,72.6,"Indian Ports Association (IPA) / Ministry of Ports, Shipping and Waterways",https://ipa.nic.in/,Government of India Open Data License (NDSAP),2022-05-01T10:00:00Z,v1.0-india-mopsw
2022-05-01,india-kamarajar,Kamarajar Port (Ennore),Major Port - East Coast,3.841,3841000,47242,845020,2995980,109,27185.0,41.7,68.6,"Indian Ports Association (IPA) / Ministry of Ports, Shipping and Waterways",https://ipa.nic.in/,Government of India Open Data License (NDSAP),2022-05-01T10:00:00Z,v1.0-india-mopsw
2022-05-01,india-chennai,Chennai Port,Major Port - East Coast,4.467,4467000,131754,1697460,2769540,161,18408.0,49.5,66.6,"Indian Ports Association (IPA) / Ministry of Ports, Shipping and Waterways",https://ipa.nic.in/,Government of India Open Data License (NDSAP),2022-05-01T10:00:00Z,v1.0-india-mopsw
2022-05-01,india-vocpt,V.O. Chidambaranar Port (Tuticorin),Major Port - East Coast,3.523,3523000,67652,1056900,2466100,130,16860.0,45.6,69.6,"Indian Ports Association (IPA) / Ministry of Ports, Shipping and Waterways",https://ipa.nic.in/,Government of India Open Data License (NDSAP),2022-05-01T10:00:00Z,v1.0-india-mopsw
2022-05-01,india-kolkata-haldia,Syama Prasad Mookerjee Port (Kolkata/Haldia),Major Port - East Coast,5.586,5586000,56157,1452360,4133640,286,11594.0,74.9,75.6,"Indian Ports Association (IPA) / Ministry of Ports, Shipping and Waterways",https://ipa.nic.in/,Government of India Open Data License (NDSAP),2022-05-01T10:00:00Z,v1.0-india-mopsw
2022-06-01,india-paradip,Paradip Port,Major Port - East Coast,11.362,11362000,4324,3181360,8180640,177,31441.0,43.2,80.0,"Indian Ports Association (IPA) / Ministry of Ports, Shipping and Waterways",https://ipa.nic.in/,Government of India Open Data License (NDSAP),2022-06-01T10:00:00Z,v1.0-india-mopsw
2022-06-01,india-visakhapatnam,Visakhapatnam Port,Major Port - East Coast,6.486,6486000,52469,2075520,4410480,182,21609.0,53.0,74.0,"Indian Ports Association (IPA) / Ministry of Ports, Shipping and Waterways",https://ipa.nic.in/,Government of India Open Data License (NDSAP),2022-06-01T10:00:00Z,v1.0-india-mopsw
2022-06-01,india-kamarajar,Kamarajar Port (Ennore),Major Port - East Coast,3.657,3657000,46912,804540,2852460,101,27301.0,41.2,70.0,"Indian Ports Association (IPA) / Ministry of Ports, Shipping and Waterways",https://ipa.nic.in/,Government of India Open Data License (NDSAP),2022-06-01T10:00:00Z,v1.0-india-mopsw
2022-06-01,india-chennai,Chennai Port,Major Port - East Coast,4.241,4241000,130453,1611580,2629420,149,18504.0,49.0,68.0,"Indian Ports Association (IPA) / Ministry of Ports, Shipping and Waterways",https://ipa.nic.in/,Government of India Open Data License (NDSAP),2022-06-01T10:00:00Z,v1.0-india-mopsw
2022-06-01,india-vocpt,V.O. Chidambaranar Port (Tuticorin),Major Port - East Coast,3.348,3348000,67034,1004400,2343600,120,16951.0,45.1,71.0,"Indian Ports Association (IPA) / Ministry of Ports, Shipping and Waterways",https://ipa.nic.in/,Government of India Open Data License (NDSAP),2022-06-01T10:00:00Z,v1.0-india-mopsw
2022-06-01,india-kolkata-haldia,Syama Prasad Mookerjee Port (Kolkata/Haldia),Major Port - East Coast,5.306,5306000,55602,1379560,3926440,264,11673.0,74.4,77.0,"Indian Ports Association (IPA) / Ministry of Ports, Shipping and Waterways",https://ipa.nic.in/,Government of India Open Data License (NDSAP),2022-06-01T10:00:00Z,v1.0-india-mopsw
2022-07-01,india-paradip,Paradip Port,Major Port - East Coast,11.512,11512000,4262,3223360,8288640,178,31588.0,42.9,80.8,"Indian Ports Association (IPA) / Ministry of Ports, Shipping and Waterways",https://ipa.nic.in/,Government of India Open Data License (NDSAP),2022-07-01T10:00:00Z,v1.0-india-mopsw
2022-07-01,india-visakhapatnam,Visakhapatnam Port,Major Port - East Coast,6.57,6570000,51746,2102400,4467600,183,21732.0,52.6,74.8,"Indian Ports Association (IPA) / Ministry of Ports, Shipping and Waterways",https://ipa.nic.in/,Government of India Open Data License (NDSAP),2022-07-01T10:00:00Z,v1.0-india-mopsw
2022-07-01,india-kamarajar,Kamarajar Port (Ennore),Major Port - East Coast,3.711,3711000,46330,816420,2894580,101,27438.0,40.9,70.8,"Indian Ports Association (IPA) / Ministry of Ports, Shipping and Waterways",https://ipa.nic.in/,Government of India Open Data License (NDSAP),2022-07-01T10:00:00Z,v1.0-india-mopsw
2022-07-01,india-chennai,Chennai Port,Major Port - East Coast,4.292,4292000,128462,1630960,2661040,149,18619.0,48.7,68.8,"Indian Ports Association (IPA) / Ministry of Ports, Shipping and Waterways",https://ipa.nic.in/,Government of India Open Data License (NDSAP),2022-07-01T10:00:00Z,v1.0-india-mopsw
2022-07-01,india-vocpt,V.O. Chidambaranar Port (Tuticorin),Major Port - East Coast,3.391,3391000,66061,1017300,2373700,120,17063.0,44.8,71.8,"Indian Ports Association (IPA) / Ministry of Ports, Shipping and Waterways",https://ipa.nic.in/,Government of India Open Data License (NDSAP),2022-07-01T10:00:00Z,v1.0-india-mopsw
2022-07-01,india-kolkata-haldia,Syama Prasad Mookerjee Port (Kolkata/Haldia),Major Port - East Coast,5.372,5372000,54754,1396720,3975280,264,11772.0,74.1,77.8,"Indian Ports Association (IPA) / Ministry of Ports, Shipping and Waterways",https://ipa.nic.in/,Government of India Open Data License (NDSAP),2022-07-01T10:00:00Z,v1.0-india-mopsw
2022-08-01,india-paradip,Paradip Port,Major Port - East Coast,11.434,11434000,4195,3201520,8232480,178,31743.0,42.8,81.0,"Indian Ports Association (IPA) / Ministry of Ports, Shipping and Waterways",https://ipa.nic.in/,Government of India Open Data License (NDSAP),2022-08-01T10:00:00Z,v1.0-india-mopsw
2022-08-01,india-visakhapatnam,Visakhapatnam Port,Major Port - East Coast,6.523,6523000,50977,2087360,4435640,183,21863.0,52.5,75.0,"Indian Ports Association (IPA) / Ministry of Ports, Shipping and Waterways",https://ipa.nic.in/,Government of India Open Data License (NDSAP),2022-08-01T10:00:00Z,v1.0-india-mopsw
2022-08-01,india-kamarajar,Kamarajar Port (Ennore),Major Port - East Coast,3.691,3691000,45706,812020,2878980,101,27583.0,40.8,71.0,"Indian Ports Association (IPA) / Ministry of Ports, Shipping and Waterways",https://ipa.nic.in/,Government of India Open Data License (NDSAP),2022-08-01T10:00:00Z,v1.0-india-mopsw
2022-08-01,india-chennai,Chennai Port,Major Port - East Coast,4.258,4258000,126367,1618040,2639960,149,18743.0,48.6,69.0,"Indian Ports Association (IPA) / Ministry of Ports, Shipping and Waterways",https://ipa.nic.in/,Government of India Open Data License (NDSAP),2022-08-01T10:00:00Z,v1.0-india-mopsw
2022-08-01,india-vocpt,V.O. Chidambaranar Port (Tuticorin),Major Port - East Coast,3.366,3366000,65032,1009800,2356200,120,17183.0,44.7,72.0,"Indian Ports Association (IPA) / Ministry of Ports, Shipping and Waterways",https://ipa.nic.in/,Government of India Open Data License (NDSAP),2022-08-01T10:00:00Z,v1.0-india-mopsw
2022-08-01,india-kolkata-haldia,Syama Prasad Mookerjee Port (Kolkata/Haldia),Major Port - East Coast,5.331,5331000,53861,1386060,3944940,265,11879.0,73.9,78.0,"Indian Ports Association (IPA) / Ministry of Ports, Shipping and Waterways",https://ipa.nic.in/,Government of India Open Data License (NDSAP),2022-08-01T10:00:00Z,v1.0-india-mopsw
2022-09-01,india-paradip,Paradip Port,Major Port - East Coast,12.106,12106000,4146,3389680,8716320,194,31895.0,42.8,80.4,"Indian Ports Association (IPA) / Ministry of Ports, Shipping and Waterways",https://ipa.nic.in/,Government of India Open Data License (NDSAP),2022-09-01T10:00:00Z,v1.0-india-mopsw
2022-09-01,india-visakhapatnam,Visakhapatnam Port,Major Port - East Coast,6.903,6903000,50411,2208960,4694040,199,21991.0,52.6,74.4,"Indian Ports Association (IPA) / Ministry of Ports, Shipping and Waterways",https://ipa.nic.in/,Government of India Open Data License (NDSAP),2022-09-01T10:00:00Z,v1.0-india-mopsw
2022-09-01,india-kamarajar,Kamarajar Port (Ennore),Major Port - East Coast,3.913,3913000,45261,860860,3052140,110,27725.0,40.9,70.4,"Indian Ports Association (IPA) / Ministry of Ports, Shipping and Waterways",https://ipa.nic.in/,Government of India Open Data License (NDSAP),2022-09-01T10:00:00Z,v1.0-india-mopsw
2022-09-01,india-chennai,Chennai Port,Major Port - East Coast,4.503,4503000,124782,1711140,2791860,162,18864.0,48.7,68.4,"Indian Ports Association (IPA) / Ministry of Ports, Shipping and Waterways",https://ipa.nic.in/,Government of India Open Data License (NDSAP),2022-09-01T10:00:00Z,v1.0-india-mopsw
2022-09-01,india-vocpt,V.O. Chidambaranar Port (Tuticorin),Major Port - East Coast,3.563,3563000,64264,1068900,2494100,131,17300.0,44.8,71.4,"Indian Ports Association (IPA) / Ministry of Ports, Shipping and Waterways",https://ipa.nic.in/,Government of India Open Data License (NDSAP),2022-09-01T10:00:00Z,v1.0-india-mopsw
2022-09-01,india-kolkata-haldia,Syama Prasad Mookerjee Port (Kolkata/Haldia),Major Port - East Coast,5.64,5640000,53185,1466400,4173600,288,11983.0,73.9,77.4,"Indian Ports Association (IPA) / Ministry of Ports, Shipping and Waterways",https://ipa.nic.in/,Government of India Open Data License (NDSAP),2022-09-01T10:00:00Z,v1.0-india-mopsw
2022-10-01,india-paradip,Paradip Port,Major Port - East Coast,11.677,11677000,4129,3269560,8407440,194,32031.0,43.1,79.2,"Indian Ports Association (IPA) / Ministry of Ports, Shipping and Waterways",https://ipa.nic.in/,Government of India Open Data License (NDSAP),2022-10-01T10:00:00Z,v1.0-india-mopsw
2022-10-01,india-visakhapatnam,Visakhapatnam Port,Major Port - East Coast,6.656,6656000,50248,2129920,4526080,199,22104.0,52.8,73.2,"Indian Ports Association (IPA) / Ministry of Ports, Shipping and Waterways",https://ipa.nic.in/,Government of India Open Data License (NDSAP),2022-10-01T10:00:00Z,v1.0-india-mopsw
2022-10-01,india-kamarajar,Kamarajar Port (Ennore),Major Port - East Coast,3.78,3780000,45177,831600,2948400,110,27851.0,41.1,69.2,"Indian Ports Association (IPA) / Ministry of Ports, Shipping and Waterways",https://ipa.nic.in/,Government of India Open Data License (NDSAP),2022-10-01T10:00:00Z,v1.0-india-mopsw
2022-10-01,india-chennai,Chennai Port,Major Port - East Coast,4.339,4339000,124198,1648820,2690180,162,18969.0,48.9,67.2,"Indian Ports Association (IPA) / Ministry of Ports, Shipping and Waterways",https://ipa.nic.in/,Government of India Open Data License (NDSAP),2022-10-01T10:00:00Z,v1.0-india-mopsw
2022-10-01,india-vocpt,V.O. Chidambaranar Port (Tuticorin),Major Port - East Coast,3.435,3435000,64010,1030500,2404500,131,17401.0,45.0,70.2,"Indian Ports Association (IPA) / Ministry of Ports, Shipping and Waterways",https://ipa.nic.in/,Government of India Open Data License (NDSAP),2022-10-01T10:00:00Z,v1.0-india-mopsw
2022-10-01,india-kolkata-haldia,Syama Prasad Mookerjee Port (Kolkata/Haldia),Major Port - East Coast,5.436,5436000,52937,1413360,4022640,288,12072.0,74.1,76.2,"Indian Ports Association (IPA) / Ministry of Ports, Shipping and Waterways",https://ipa.nic.in/,Government of India Open Data License (NDSAP),2022-10-01T10:00:00Z,v1.0-india-mopsw
2022-11-01,india-paradip,Paradip Port,Major Port - East Coast,11.245,11245000,4154,3148600,8096400,194,32142.0,43.4,77.8,"Indian Ports Association (IPA) / Ministry of Ports, Shipping and Waterways",https://ipa.nic.in/,Government of India Open Data License (NDSAP),2022-11-01T10:00:00Z,v1.0-india-mopsw
2022-11-01,india-visakhapatnam,Visakhapatnam Port,Major Port - East Coast,6.407,6407000,50591,2050240,4356760,199,22191.0,53.1,71.8,"Indian Ports Association (IPA) / Ministry of Ports, Shipping and Waterways",https://ipa.nic.in/,Government of India Open Data License (NDSAP),2022-11-01T10:00:00Z,v1.0-india-mopsw
2022-11-01,india-kamarajar,Kamarajar Port (Ennore),Major Port - East Coast,3.646,3646000,45547,802120,2843880,110,27952.0,41.5,67.8,"Indian Ports Association (IPA) / Ministry of Ports, Shipping and Waterways",https://ipa.nic.in/,Government of India Open Data License (NDSAP),2022-11-01T10:00:00Z,v1.0-india-mopsw
2022-11-01,india-chennai,Chennai Port,Major Port - East Coast,4.174,4174000,124867,1586120,2587880,163,19049.0,49.3,65.8,"Indian Ports Association (IPA) / Ministry of Ports, Shipping and Waterways",https://ipa.nic.in/,Government of India Open Data License (NDSAP),2022-11-01T10:00:00Z,v1.0-india-mopsw
2022-11-01,india-vocpt,V.O. Chidambaranar Port (Tuticorin),Major Port - East Coast,3.307,3307000,64402,992100,2314900,131,17477.0,45.4,68.8,"Indian Ports Association (IPA) / Ministry of Ports, Shipping and Waterways",https://ipa.nic.in/,Government of India Open Data License (NDSAP),2022-11-01T10:00:00Z,v1.0-india-mopsw
2022-11-01,india-kolkata-haldia,Syama Prasad Mookerjee Port (Kolkata/Haldia),Major Port - East Coast,5.231,5231000,53222,1360060,3870940,289,12135.0,74.4,74.8,"Indian Ports Association (IPA) / Ministry of Ports, Shipping and Waterways",https://ipa.nic.in/,Government of India Open Data License (NDSAP),2022-11-01T10:00:00Z,v1.0-india-mopsw
2022-12-01,india-paradip,Paradip Port,Major Port - East Coast,10.936,10936000,4220,3062080,7873920,194,32223.0,43.9,76.4,"Indian Ports Association (IPA) / Ministry of Ports, Shipping and Waterways",https://ipa.nic.in/,Government of India Open Data License (NDSAP),2022-12-01T10:00:00Z,v1.0-india-mopsw
2022-12-01,india-visakhapatnam,Visakhapatnam Port,Major Port - East Coast,6.229,6229000,51419,1993280,4235720,200,22248.0,53.6,70.4,"Indian Ports Association (IPA) / Ministry of Ports, Shipping and Waterways",https://ipa.nic.in/,Government of India Open Data License (NDSAP),2022-12-01T10:00:00Z,v1.0-india-mopsw
2022-12-01,india-kamarajar,Kamarajar Port (Ennore),Major Port - East Coast,3.551,3551000,46355,781220,2769780,110,28023.0,42.0,66.4,"Indian Ports Association (IPA) / Ministry of Ports, Shipping and Waterways",https://ipa.nic.in/,Government of India Open Data License (NDSAP),2022-12-01T10:00:00Z,v1.0-india-mopsw
2022-12-01,india-chennai,Chennai Port,Major Port - East Coast,4.054,4054000,126730,1540520,2513480,163,19098.0,49.7,64.4,"Indian Ports Association (IPA) / Ministry of Ports, Shipping and Waterways",https://ipa.nic.in/,Government of India Open Data License (NDSAP),2022-12-01T10:00:00Z,v1.0-india-mopsw
2022-12-01,india-vocpt,V.O. Chidambaranar Port (Tuticorin),Major Port - East Coast,3.215,3215000,65410,964500,2250500,131,17523.0,45.8,67.4,"Indian Ports Association (IPA) / Ministry of Ports, Shipping and Waterways",https://ipa.nic.in/,Government of India Open Data License (NDSAP),2022-12-01T10:00:00Z,v1.0-india-mopsw
2022-12-01,india-kolkata-haldia,Syama Prasad Mookerjee Port (Kolkata/Haldia),Major Port - East Coast,5.084,5084000,54016,1321840,3762160,289,12168.0,74.8,73.4,"Indian Ports Association (IPA) / Ministry of Ports, Shipping and Waterways",https://ipa.nic.in/,Government of India Open Data License (NDSAP),2022-12-01T10:00:00Z,v1.0-india-mopsw
2023-01-01,india-paradip,Paradip Port,Major Port - East Coast,10.844,10844000,4313,3036320,7807680,195,32272.0,44.4,75.4,"Indian Ports Association (IPA) / Ministry of Ports, Shipping and Waterways",https://ipa.nic.in/,Government of India Open Data License (NDSAP),2023-01-01T10:00:00Z,v1.0-india-mopsw
2023-01-01,india-visakhapatnam,Visakhapatnam Port,Major Port - East Coast,6.174,6174000,52592,1975680,4198320,200,22273.0,54.1,69.4,"Indian Ports Association (IPA) / Ministry of Ports, Shipping and Waterways",https://ipa.nic.in/,Government of India Open Data License (NDSAP),2023-01-01T10:00:00Z,v1.0-india-mopsw
2023-01-01,india-kamarajar,Kamarajar Port (Ennore),Major Port - East Coast,3.526,3526000,47476,775720,2750280,110,28062.0,42.5,65.4,"Indian Ports Association (IPA) / Ministry of Ports, Shipping and Waterways",https://ipa.nic.in/,Government of India Open Data License (NDSAP),2023-01-01T10:00:00Z,v1.0-india-mopsw
2023-01-01,india-chennai,Chennai Port,Major Port - East Coast,4.016,4016000,129439,1526080,2489920,163,19116.0,50.2,63.4,"Indian Ports Association (IPA) / Ministry of Ports, Shipping and Waterways",https://ipa.nic.in/,Government of India Open Data License (NDSAP),2023-01-01T10:00:00Z,v1.0-india-mopsw
2023-01-01,india-vocpt,V.O. Chidambaranar Port (Tuticorin),Major Port - East Coast,3.187,3187000,66856,956100,2230900,131,17537.0,46.4,66.4,"Indian Ports Association (IPA) / Ministry of Ports, Shipping and Waterways",https://ipa.nic.in/,Government of India Open Data License (NDSAP),2023-01-01T10:00:00Z,v1.0-india-mopsw
2023-01-01,india-kolkata-haldia,Syama Prasad Mookerjee Port (Kolkata/Haldia),Major Port - East Coast,5.037,5037000,55170,1309620,3727380,290,12169.0,75.3,72.4,"Indian Ports Association (IPA) / Ministry of Ports, Shipping and Waterways",https://ipa.nic.in/,Government of India Open Data License (NDSAP),2023-01-01T10:00:00Z,v1.0-india-mopsw
2023-02-01,india-paradip,Paradip Port,Major Port - East Coast,11.005,11005000,4416,3081400,7923600,195,32294.0,44.9,75.0,"Indian Ports Association (IPA) / Ministry of Ports, Shipping and Waterways",https://ipa.nic.in/,Government of India Open Data License (NDSAP),2023-02-01T10:00:00Z,v1.0-india-mopsw
2023-02-01,india-visakhapatnam,Visakhapatnam Port,Major Port - East Coast,6.264,6264000,53884,2004480,4259520,200,22272.0,54.6,69.0,"Indian Ports Association (IPA) / Ministry of Ports, Shipping and Waterways",https://ipa.nic.in/,Government of India Open Data License (NDSAP),2023-02-01T10:00:00Z,v1.0-india-mopsw
2023-02-01,india-kamarajar,Kamarajar Port (Ennore),Major Port - East Coast,3.583,3583000,48706,788260,2794740,111,28074.0,43.0,65.0,"Indian Ports Association (IPA) / Ministry of Ports, Shipping and Waterways",https://ipa.nic.in/,Government of India Open Data License (NDSAP),2023-02-01T10:00:00Z,v1.0-india-mopsw
2023-02-01,india-chennai,Chennai Port,Major Port - East Coast,4.071,4070999,132432,1546980,2524019,163,19107.0,50.7,63.0,"Indian Ports Association (IPA) / Ministry of Ports, Shipping and Waterways",https://ipa.nic.in/,Government of India Open Data License (NDSAP),2023-02-01T10:00:00Z,v1.0-india-mopsw
2023-02-01,india-vocpt,V.O. Chidambaranar Port (Tuticorin),Major Port - East Coast,3.233,3233000,68451,969900,2263100,132,17524.0,46.9,66.0,"Indian Ports Association (IPA) / Ministry of Ports, Shipping and Waterways",https://ipa.nic.in/,Government of India Open Data License (NDSAP),2023-02-01T10:00:00Z,v1.0-india-mopsw
2023-02-01,india-kolkata-haldia,Syama Prasad Mookerjee Port (Kolkata/Haldia),Major Port - East Coast,5.108,5108000,56446,1328080,3779920,290,12144.0,75.8,72.0,"Indian Ports Association (IPA) / Ministry of Ports, Shipping and Waterways",https://ipa.nic.in/,Government of India Open Data License (NDSAP),2023-02-01T10:00:00Z,v1.0-india-mopsw
2023-03-01,india-paradip,Paradip Port,Major Port - East Coast,11.386,11386000,4507,3188080,8197920,195,32298.0,45.4,75.4,"Indian Ports Association (IPA) / Ministry of Ports, Shipping and Waterways",https://ipa.nic.in/,Government of India Open Data License (NDSAP),2023-03-01T10:00:00Z,v1.0-india-mopsw
2023-03-01,india-visakhapatnam,Visakhapatnam Port,Major Port - East Coast,6.478,6478000,55037,2072960,4405040,201,22252.0,55.0,69.4,"Indian Ports Association (IPA) / Ministry of Ports, Shipping and Waterways",https://ipa.nic.in/,Government of India Open Data License (NDSAP),2023-03-01T10:00:00Z,v1.0-india-mopsw
2023-03-01,india-kamarajar,Kamarajar Port (Ennore),Major Port - East Coast,3.712,3712000,49813,816640,2895360,111,28068.0,43.5,65.4,"Indian Ports Association (IPA) / Ministry of Ports, Shipping and Waterways",https://ipa.nic.in/,Government of India Open Data License (NDSAP),2023-03-01T10:00:00Z,v1.0-india-mopsw
2023-03-01,india-chennai,Chennai Port,Major Port - East Coast,4.207,4207000,135076,1598660,2608340,164,19080.0,51.2,63.4,"Indian Ports Association (IPA) / Ministry of Ports, Shipping and Waterways",https://ipa.nic.in/,Government of India Open Data License (NDSAP),2023-03-01T10:00:00Z,v1.0-india-mopsw
2023-03-01,india-vocpt,V.O. Chidambaranar Port (Tuticorin),Major Port - East Coast,3.344,3344000,69867,1003200,2340800,132,17493.0,47.3,66.4,"Indian Ports Association (IPA) / Ministry of Ports, Shipping and Waterways",https://ipa.nic.in/,Government of India Open Data License (NDSAP),2023-03-01T10:00:00Z,v1.0-india-mopsw
2023-03-01,india-kolkata-haldia,Syama Prasad Mookerjee Port (Kolkata/Haldia),Major Port - East Coast,5.281,5281000,57573,1373060,3907940,291,12100.0,76.2,72.4,"Indian Ports Association (IPA) / Ministry of Ports, Shipping and Waterways",https://ipa.nic.in/,Government of India Open Data License (NDSAP),2023-03-01T10:00:00Z,v1.0-india-mopsw
2023-04-01,india-paradip,Paradip Port,Major Port - East Coast,11.897,11897000,4576,3331160,8565840,196,32295.0,45.7,76.4,"Indian Ports Association (IPA) / Ministry of Ports, Shipping and Waterways",https://ipa.nic.in/,Government of India Open Data License (NDSAP),2023-04-01T10:00:00Z,v1.0-india-mopsw
2023-04-01,india-visakhapatnam,Visakhapatnam Port,Major Port - East Coast,6.767,6767000,55910,2165440,4601560,201,22225.0,55.3,70.4,"Indian Ports Association (IPA) / Ministry of Ports, Shipping and Waterways",https://ipa.nic.in/,Government of India Open Data License (NDSAP),2023-04-01T10:00:00Z,v1.0-india-mopsw
2023-04-01,india-kamarajar,Kamarajar Port (Ennore),Major Port - East Coast,3.884,3884000,50668,854480,3029520,111,28055.0,43.8,66.4,"Indian Ports Association (IPA) / Ministry of Ports, Shipping and Waterways",https://ipa.nic.in/,Government of India Open Data License (NDSAP),2023-04-01T10:00:00Z,v1.0-india-mopsw
2023-04-01,india-chennai,Chennai Port,Major Port - East Coast,4.391,4391000,137030,1668580,2722420,164,19045.0,51.5,64.4,"Indian Ports Association (IPA) / Ministry of Ports, Shipping and Waterways",https://ipa.nic.in/,Government of India Open Data License (NDSAP),2023-04-01T10:00:00Z,v1.0-india-mopsw
2023-04-01,india-vocpt,V.O. Chidambaranar Port (Tuticorin),Major Port - East Coast,3.492,3492000,70928,1047600,2444400,132,17455.0,47.7,67.4,"Indian Ports Association (IPA) / Ministry of Ports, Shipping and Waterways",https://ipa.nic.in/,Government of India Open Data License (NDSAP),2023-04-01T10:00:00Z,v1.0-india-mopsw
2023-04-01,india-kolkata-haldia,Syama Prasad Mookerjee Port (Kolkata/Haldia),Major Port - East Coast,5.514,5514000,58406,1433640,4080360,291,12049.0,76.5,73.4,"Indian Ports Association (IPA) / Ministry of Ports, Shipping and Waterways",https://ipa.nic.in/,Government of India Open Data License (NDSAP),2023-04-01T10:00:00Z,v1.0-india-mopsw
2023-05-01,india-paradip,Paradip Port,Major Port - East Coast,12.411,12411000,4571,3475080,8935920,196,32297.0,46.0,77.8,"Indian Ports Association (IPA) / Ministry of Ports, Shipping and Waterways",https://ipa.nic.in/,Government of India Open Data License (NDSAP),2023-05-01T10:00:00Z,v1.0-india-mopsw
2023-05-01,india-visakhapatnam,Visakhapatnam Port,Major Port - East Coast,7.057,7057000,55895,2258240,4798760,201,22204.0,55.5,71.8,"Indian Ports Association (IPA) / Ministry of Ports, Shipping and Waterways",https://ipa.nic.in/,Government of India Open Data License (NDSAP),2023-05-01T10:00:00Z,v1.0-india-mopsw
2023-05-01,india-kamarajar,Kamarajar Port (Ennore),Major Port - East Coast,4.058,4058000,50720,892760,3165240,111,28047.0,44.0,67.8,"Indian Ports Association (IPA) / Ministry of Ports, Shipping and Waterways",https://ipa.nic.in/,Government of India Open Data License (NDSAP),2023-05-01T10:00:00Z,v1.0-india-mopsw
2023-05-01,india-chennai,Chennai Port,Major Port - East Coast,4.576,4576000,136806,1738880,2837120,164,19016.0,51.7,65.8,"Indian Ports Association (IPA) / Ministry of Ports, Shipping and Waterways",https://ipa.nic.in/,Government of India Open Data License (NDSAP),2023-05-01T10:00:00Z,v1.0-india-mopsw
2023-05-01,india-vocpt,V.O. Chidambaranar Port (Tuticorin),Major Port - East Coast,3.642,3642000,70861,1092600,2549400,132,17422.0,47.9,68.8,"Indian Ports Association (IPA) / Ministry of Ports, Shipping and Waterways",https://ipa.nic.in/,Government of India Open Data License (NDSAP),2023-05-01T10:00:00Z,v1.0-india-mopsw
2023-05-01,india-kolkata-haldia,Syama Prasad Mookerjee Port (Kolkata/Haldia),Major Port - East Coast,5.748,5748000,58310,1494480,4253520,292,12004.0,76.6,74.8,"Indian Ports Association (IPA) / Ministry of Ports, Shipping and Waterways",https://ipa.nic.in/,Government of India Open Data License (NDSAP),2023-05-01T10:00:00Z,v1.0-india-mopsw
2023-06-01,india-paradip,Paradip Port,Major Port - East Coast,11.796,11796000,4529,3302880,8493120,181,32317.0,46.0,79.3,"Indian Ports Association (IPA) / Ministry of Ports, Shipping and Waterways",https://ipa.nic.in/,Government of India Open Data License (NDSAP),2023-06-01T10:00:00Z,v1.0-india-mopsw
2023-06-01,india-visakhapatnam,Visakhapatnam Port,Major Port - East Coast,6.704,6704000,55412,2145280,4558720,186,22199.0,55.6,73.3,"Indian Ports Association (IPA) / Ministry of Ports, Shipping and Waterways",https://ipa.nic.in/,Government of India Open Data License (NDSAP),2023-06-01T10:00:00Z,v1.0-india-mopsw
2023-06-01,india-kamarajar,Kamarajar Port (Ennore),Major Port - East Coast,3.862,3862000,50345,849640,3012360,102,28057.0,44.1,69.3,"Indian Ports Association (IPA) / Ministry of Ports, Shipping and Waterways",https://ipa.nic.in/,Government of India Open Data License (NDSAP),2023-06-01T10:00:00Z,v1.0-india-mopsw
2023-06-01,india-chennai,Chennai Port,Major Port - East Coast,4.344,4344000,135438,1650720,2693280,152,19004.0,51.7,67.3,"Indian Ports Association (IPA) / Ministry of Ports, Shipping and Waterways",https://ipa.nic.in/,Government of India Open Data License (NDSAP),2023-06-01T10:00:00Z,v1.0-india-mopsw
2023-06-01,india-vocpt,V.O. Chidambaranar Port (Tuticorin),Major Port - East Coast,3.46,3460000,70201,1038000,2422000,122,17407.0,47.9,70.3,"Indian Ports Association (IPA) / Ministry of Ports, Shipping and Waterways",https://ipa.nic.in/,Government of India Open Data License (NDSAP),2023-06-01T10:00:00Z,v1.0-india-mopsw
2023-06-01,india-kolkata-haldia,Syama Prasad Mookerjee Port (Kolkata/Haldia),Major Port - East Coast,5.459,5459000,57727,1419340,4039660,269,11975.0,76.6,76.3,"Indian Ports Association (IPA) / Ministry of Ports, Shipping and Waterways",https://ipa.nic.in/,Government of India Open Data License (NDSAP),2023-06-01T10:00:00Z,v1.0-india-mopsw
2023-07-01,india-paradip,Paradip Port,Major Port - East Coast,11.951,11951000,4462,3346280,8604720,181,32363.0,45.9,80.4,"Indian Ports Association (IPA) / Ministry of Ports, Shipping and Waterways",https://ipa.nic.in/,Government of India Open Data License (NDSAP),2023-07-01T10:00:00Z,v1.0-india-mopsw
2023-07-01,india-visakhapatnam,Visakhapatnam Port,Major Port - East Coast,6.79,6790000,54634,2172800,4617200,186,22221.0,55.4,74.4,"Indian Ports Association (IPA) / Ministry of Ports, Shipping and Waterways",https://ipa.nic.in/,Government of India Open Data License (NDSAP),2023-07-01T10:00:00Z,v1.0-india-mopsw
2023-07-01,india-kamarajar,Kamarajar Port (Ennore),Major Port - East Coast,3.918,3918000,49700,861960,3056040,103,28093.0,44.0,70.4,"Indian Ports Association (IPA) / Ministry of Ports, Shipping and Waterways",https://ipa.nic.in/,Government of India Open Data License (NDSAP),2023-07-01T10:00:00Z,v1.0-india-mopsw
2023-07-01,india-chennai,Chennai Port,Major Port - East Coast,4.396,4396000,133356,1670480,2725520,152,19019.0,51.6,68.4,"Indian Ports Association (IPA) / Ministry of Ports, Shipping and Waterways",https://ipa.nic.in/,Government of India Open Data License (NDSAP),2023-07-01T10:00:00Z,v1.0-india-mopsw
2023-07-01,india-vocpt,V.O. Chidambaranar Port (Tuticorin),Major Port - East Coast,3.504,3504000,69170,1051200,2452800,122,17418.0,47.8,71.4,"Indian Ports Association (IPA) / Ministry of Ports, Shipping and Waterways",https://ipa.nic.in/,Government of India Open Data License (NDSAP),2023-07-01T10:00:00Z,v1.0-india-mopsw
2023-07-01,india-kolkata-haldia,Syama Prasad Mookerjee Port (Kolkata/Haldia),Major Port - East Coast,5.527,5527000,56840,1437020,4089980,270,11973.0,76.4,77.4,"Indian Ports Association (IPA) / Ministry of Ports, Shipping and Waterways",https://ipa.nic.in/,Government of India Open Data License (NDSAP),2023-07-01T10:00:00Z,v1.0-india-mopsw
2023-08-01,india-paradip,Paradip Port,Major Port - East Coast,11.869,11869000,4392,3323320,8545680,182,32439.0,45.6,81.0,"Indian Ports Association (IPA) / Ministry of Ports, Shipping and Waterways",https://ipa.nic.in/,Government of India Open Data License (NDSAP),2023-08-01T10:00:00Z,v1.0-india-mopsw
2023-08-01,india-visakhapatnam,Visakhapatnam Port,Major Port - East Coast,6.741,6741000,53809,2157120,4583880,186,22274.0,55.1,75.0,"Indian Ports Association (IPA) / Ministry of Ports, Shipping and Waterways",https://ipa.nic.in/,Government of India Open Data License (NDSAP),2023-08-01T10:00:00Z,v1.0-india-mopsw
2023-08-01,india-kamarajar,Kamarajar Port (Ennore),Major Port - East Coast,3.896,3896000,49010,857120,3038880,103,28159.0,43.7,71.0,"Indian Ports Association (IPA) / Ministry of Ports, Shipping and Waterways",https://ipa.nic.in/,Government of India Open Data License (NDSAP),2023-08-01T10:00:00Z,v1.0-india-mopsw
2023-08-01,india-chennai,Chennai Port,Major Port - East Coast,4.361,4361000,131166,1657180,2703820,152,19064.0,51.3,69.0,"Indian Ports Association (IPA) / Ministry of Ports, Shipping and Waterways",https://ipa.nic.in/,Government of India Open Data License (NDSAP),2023-08-01T10:00:00Z,v1.0-india-mopsw
2023-08-01,india-vocpt,V.O. Chidambaranar Port (Tuticorin),Major Port - East Coast,3.479,3479000,68080,1043700,2435300,122,17459.0,47.5,72.0,"Indian Ports Association (IPA) / Ministry of Ports, Shipping and Waterways",https://ipa.nic.in/,Government of India Open Data License (NDSAP),2023-08-01T10:00:00Z,v1.0-india-mopsw
2023-08-01,india-kolkata-haldia,Syama Prasad Mookerjee Port (Kolkata/Haldia),Major Port - East Coast,5.485,5485000,55906,1426100,4058900,270,12002.0,76.1,78.0,"Indian Ports Association (IPA) / Ministry of Ports, Shipping and Waterways",https://ipa.nic.in/,Government of India Open Data License (NDSAP),2023-08-01T10:00:00Z,v1.0-india-mopsw
2023-09-01,india-paradip,Paradip Port,Major Port - East Coast,12.564,12564000,4339,3517920,9046080,197,32547.0,45.1,80.8,"Indian Ports Association (IPA) / Ministry of Ports, Shipping and Waterways",https://ipa.nic.in/,Government of India Open Data License (NDSAP),2023-09-01T10:00:00Z,v1.0-india-mopsw
2023-09-01,india-visakhapatnam,Visakhapatnam Port,Major Port - East Coast,7.133,7133000,53198,2282560,4850440,203,22358.0,54.6,74.8,"Indian Ports Association (IPA) / Ministry of Ports, Shipping and Waterways",https://ipa.nic.in/,Government of India Open Data License (NDSAP),2023-09-01T10:00:00Z,v1.0-india-mopsw
2023-09-01,india-kamarajar,Kamarajar Port (Ennore),Major Port - East Coast,4.13,4130000,48513,908600,3221400,112,28257.0,43.2,70.8,"Indian Ports Association (IPA) / Ministry of Ports, Shipping and Waterways",https://ipa.nic.in/,Government of India Open Data License (NDSAP),2023-09-01T10:00:00Z,v1.0-india-mopsw
2023-09-01,india-chennai,Chennai Port,Major Port - East Coast,4.612,4612000,129505,1752560,2859440,165,19140.0,50.8,68.8,"Indian Ports Association (IPA) / Ministry of Ports, Shipping and Waterways",https://ipa.nic.in/,Government of India Open Data License (NDSAP),2023-09-01T10:00:00Z,v1.0-india-mopsw
2023-09-01,india-vocpt,V.O. Chidambaranar Port (Tuticorin),Major Port - East Coast,3.682,3682000,67264,1104600,2577400,133,17532.0,47.0,71.8,"Indian Ports Association (IPA) / Ministry of Ports, Shipping and Waterways",https://ipa.nic.in/,Government of India Open Data License (NDSAP),2023-09-01T10:00:00Z,v1.0-india-mopsw
2023-09-01,india-kolkata-haldia,Syama Prasad Mookerjee Port (Kolkata/Haldia),Major Port - East Coast,5.802,5802000,55199,1508520,4293480,294,12062.0,75.6,77.8,"Indian Ports Association (IPA) / Ministry of Ports, Shipping and Waterways",https://ipa.nic.in/,Government of India Open Data License (NDSAP),2023-09-01T10:00:00Z,v1.0-india-mopsw
2023-10-01,india-paradip,Paradip Port,Major Port - East Coast,12.118,12118000,4321,3393040,8724960,198,32680.0,44.5,80.0,"Indian Ports Association (IPA) / Ministry of Ports, Shipping and Waterways",https://ipa.nic.in/,Government of India Open Data License (NDSAP),2023-10-01T10:00:00Z,v1.0-india-mopsw
2023-10-01,india-visakhapatnam,Visakhapatnam Port,Major Port - East Coast,6.877,6877000,53014,2200640,4676360,203,22468.0,54.0,74.0,"Indian Ports Association (IPA) / Ministry of Ports, Shipping and Waterways",https://ipa.nic.in/,Government of India Open Data License (NDSAP),2023-10-01T10:00:00Z,v1.0-india-mopsw
2023-10-01,india-kamarajar,Kamarajar Port (Ennore),Major Port - East Coast,3.988,3988000,48404,877360,3110640,112,28380.0,42.6,70.0,"Indian Ports Association (IPA) / Ministry of Ports, Shipping and Waterways",https://ipa.nic.in/,Government of India Open Data License (NDSAP),2023-10-01T10:00:00Z,v1.0-india-mopsw
2023-10-01,india-chennai,Chennai Port,Major Port - East Coast,4.443,4443000,128885,1688340,2754660,166,19243.0,50.2,68.0,"Indian Ports Association (IPA) / Ministry of Ports, Shipping and Waterways",https://ipa.nic.in/,Government of India Open Data License (NDSAP),2023-10-01T10:00:00Z,v1.0-india-mopsw
2023-10-01,india-vocpt,V.O. Chidambaranar Port (Tuticorin),Major Port - East Coast,3.55,3550000,66987,1065000,2485000,133,17630.0,46.4,71.0,"Indian Ports Association (IPA) / Ministry of Ports, Shipping and Waterways",https://ipa.nic.in/,Government of India Open Data License (NDSAP),2023-10-01T10:00:00Z,v1.0-india-mopsw
2023-10-01,india-kolkata-haldia,Syama Prasad Mookerjee Port (Kolkata/Haldia),Major Port - East Coast,5.592,5592000,54934,1453920,4138080,294,12148.0,74.9,77.0,"Indian Ports Association (IPA) / Ministry of Ports, Shipping and Waterways",https://ipa.nic.in/,Government of India Open Data License (NDSAP),2023-10-01T10:00:00Z,v1.0-india-mopsw
2023-11-01,india-paradip,Paradip Port,Major Port - East Coast,11.668,11668000,4347,3267040,8400960,198,32831.0,43.9,78.6,"Indian Ports Association (IPA) / Ministry of Ports, Shipping and Waterways",https://ipa.nic.in/,Government of India Open Data License (NDSAP),2023-11-01T10:00:00Z,v1.0-india-mopsw
2023-11-01,india-visakhapatnam,Visakhapatnam Port,Major Port - East Coast,6.62,6620000,53363,2118400,4501600,203,22594.0,53.4,72.6,"Indian Ports Association (IPA) / Ministry of Ports, Shipping and Waterways",https://ipa.nic.in/,Government of India Open Data License (NDSAP),2023-11-01T10:00:00Z,v1.0-india-mopsw
2023-11-01,india-kamarajar,Kamarajar Port (Ennore),Major Port - East Coast,3.845,3845000,48781,845900,2999100,112,28521.0,42.0,68.6,"Indian Ports Association (IPA) / Ministry of Ports, Shipping and Waterways",https://ipa.nic.in/,Government of India Open Data License (NDSAP),2023-11-01T10:00:00Z,v1.0-india-mopsw
2023-11-01,india-chennai,Chennai Port,Major Port - East Coast,4.274,4274000,129564,1624120,2649880,166,19362.0,49.6,66.6,"Indian Ports Association (IPA) / Ministry of Ports, Shipping and Waterways",https://ipa.nic.in/,Government of India Open Data License (NDSAP),2023-11-01T10:00:00Z,v1.0-india-mopsw
2023-11-01,india-vocpt,V.O. Chidambaranar Port (Tuticorin),Major Port - East Coast,3.417,3417000,67385,1025100,2391900,134,17746.0,45.8,69.6,"Indian Ports Association (IPA) / Ministry of Ports, Shipping and Waterways",https://ipa.nic.in/,Government of India Open Data License (NDSAP),2023-11-01T10:00:00Z,v1.0-india-mopsw
2023-11-01,india-kolkata-haldia,Syama Prasad Mookerjee Port (Kolkata/Haldia),Major Port - East Coast,5.381,5381000,55224,1399060,3981940,294,12250.0,74.2,75.6,"Indian Ports Association (IPA) / Ministry of Ports, Shipping and Waterways",https://ipa.nic.in/,Government of India Open Data License (NDSAP),2023-11-01T10:00:00Z,v1.0-india-mopsw
2023-12-01,india-paradip,Paradip Port,Major Port - East Coast,11.346,11346000,4414,3176880,8169120,198,32986.0,43.2,77.1,"Indian Ports Association (IPA) / Ministry of Ports, Shipping and Waterways",https://ipa.nic.in/,Government of India Open Data License (NDSAP),2023-12-01T10:00:00Z,v1.0-india-mopsw
2023-12-01,india-visakhapatnam,Visakhapatnam Port,Major Port - East Coast,6.435,6435000,54224,2059200,4375800,204,22726.0,52.7,71.1,"Indian Ports Association (IPA) / Ministry of Ports, Shipping and Waterways",https://ipa.nic.in/,Government of India Open Data License (NDSAP),2023-12-01T10:00:00Z,v1.0-india-mopsw
2023-12-01,india-kamarajar,Kamarajar Port (Ennore),Major Port - East Coast,3.744,3744000,49627,823680,2920320,112,28666.0,41.3,67.1,"Indian Ports Association (IPA) / Ministry of Ports, Shipping and Waterways",https://ipa.nic.in/,Government of India Open Data License (NDSAP),2023-12-01T10:00:00Z,v1.0-india-mopsw
2023-12-01,india-chennai,Chennai Port,Major Port - East Coast,4.152,4152000,131483,1577760,2574240,166,19486.0,48.9,65.1,"Indian Ports Association (IPA) / Ministry of Ports, Shipping and Waterways",https://ipa.nic.in/,Government of India Open Data License (NDSAP),2023-12-01T10:00:00Z,v1.0-india-mopsw
2023-12-01,india-vocpt,V.O. Chidambaranar Port (Tuticorin),Major Port - East Coast,3.321,3321000,68429,996300,2324700,134,17866.0,45.1,68.1,"Indian Ports Association (IPA) / Ministry of Ports, Shipping and Waterways",https://ipa.nic.in/,Government of India Open Data License (NDSAP),2023-12-01T10:00:00Z,v1.0-india-mopsw
2023-12-01,india-kolkata-haldia,Syama Prasad Mookerjee Port (Kolkata/Haldia),Major Port - East Coast,5.229,5229000,56042,1359540,3869460,295,12358.0,73.5,74.1,"Indian Ports Association (IPA) / Ministry of Ports, Shipping and Waterways",https://ipa.nic.in/,Government of India Open Data License (NDSAP),2023-12-01T10:00:00Z,v1.0-india-mopsw
2024-01-01,india-paradip,Paradip Port,Major Port - East Coast,11.25,11250000,4511,3150000,8100000,199,33135.0,42.6,75.9,"Indian Ports Association (IPA) / Ministry of Ports, Shipping and Waterways",https://ipa.nic.in/,Government of India Open Data License (NDSAP),2024-01-01T10:00:00Z,v1.0-india-mopsw
2024-01-01,india-visakhapatnam,Visakhapatnam Port,Major Port - East Coast,6.378,6378000,55448,2040960,4337040,204,22851.0,52.0,69.9,"Indian Ports Association (IPA) / Ministry of Ports, Shipping and Waterways",https://ipa.nic.in/,Government of India Open Data License (NDSAP),2024-01-01T10:00:00Z,v1.0-india-mopsw
2024-01-01,india-kamarajar,Kamarajar Port (Ennore),Major Port - East Coast,3.717,3717000,50807,817740,2899260,112,28805.0,40.7,65.9,"Indian Ports Association (IPA) / Ministry of Ports, Shipping and Waterways",https://ipa.nic.in/,Government of India Open Data License (NDSAP),2024-01-01T10:00:00Z,v1.0-india-mopsw
2024-01-01,india-chennai,Chennai Port,Major Port - East Coast,4.112,4112000,134278,1562560,2549440,166,19603.0,48.2,63.9,"Indian Ports Association (IPA) / Ministry of Ports, Shipping and Waterways",https://ipa.nic.in/,Government of India Open Data License (NDSAP),2024-01-01T10:00:00Z,v1.0-india-mopsw
2024-01-01,india-vocpt,V.O. Chidambaranar Port (Tuticorin),Major Port - East Coast,3.292,3292000,69930,987600,2304400,134,17980.0,44.4,66.9,"Indian Ports Association (IPA) / Ministry of Ports, Shipping and Waterways",https://ipa.nic.in/,Government of India Open Data License (NDSAP),2024-01-01T10:00:00Z,v1.0-india-mopsw
2024-01-01,india-kolkata-haldia,Syama Prasad Mookerjee Port (Kolkata/Haldia),Major Port - East Coast,5.181,5181000,57233,1347060,3833940,295,12459.0,72.8,72.9,"Indian Ports Association (IPA) / Ministry of Ports, Shipping and Waterways",https://ipa.nic.in/,Government of India Open Data License (NDSAP),2024-01-01T10:00:00Z,v1.0-india-mopsw
2024-02-01,india-paradip,Paradip Port,Major Port - East Coast,11.415,11415000,4618,3196200,8218800,199,33264.0,42.0,75.1,"Indian Ports Association (IPA) / Ministry of Ports, Shipping and Waterways",https://ipa.nic.in/,Government of India Open Data License (NDSAP),2024-02-01T10:00:00Z,v1.0-india-mopsw
2024-02-01,india-visakhapatnam,Visakhapatnam Port,Major Port - East Coast,6.47,6470000,56797,2070400,4399600,204,22957.0,51.4,69.1,"Indian Ports Association (IPA) / Ministry of Ports, Shipping and Waterways",https://ipa.nic.in/,Government of India Open Data License (NDSAP),2024-02-01T10:00:00Z,v1.0-india-mopsw
2024-02-01,india-kamarajar,Kamarajar Port (Ennore),Major Port - East Coast,3.776,3776000,52104,830720,2945280,113,28924.0,40.1,65.1,"Indian Ports Association (IPA) / Ministry of Ports, Shipping and Waterways",https://ipa.nic.in/,Government of India Open Data License (NDSAP),2024-02-01T10:00:00Z,v1.0-india-mopsw
2024-02-01,india-chennai,Chennai Port,Major Port - East Coast,4.168,4168000,137367,1583840,2584160,167,19702.0,47.7,63.1,"Indian Ports Association (IPA) / Ministry of Ports, Shipping and Waterways",https://ipa.nic.in/,Government of India Open Data License (NDSAP),2024-02-01T10:00:00Z,v1.0-india-mopsw
2024-02-01,india-vocpt,V.O. Chidambaranar Port (Tuticorin),Major Port - East Coast,3.339,3339000,71586,1001700,2337300,134,18074.0,43.9,66.1,"Indian Ports Association (IPA) / Ministry of Ports, Shipping and Waterways",https://ipa.nic.in/,Government of India Open Data License (NDSAP),2024-02-01T10:00:00Z,v1.0-india-mopsw
2024-02-01,india-kolkata-haldia,Syama Prasad Mookerjee Port (Kolkata/Haldia),Major Port - East Coast,5.253,5253000,58550,1365780,3887220,296,12541.0,72.2,72.1,"Indian Ports Association (IPA) / Ministry of Ports, Shipping and Waterways",https://ipa.nic.in/,Government of India Open Data License (NDSAP),2024-02-01T10:00:00Z,v1.0-india-mopsw
2024-03-01,india-paradip,Paradip Port,Major Port - East Coast,11.809,11809000,4713,3306520,8502480,199,33367.0,41.6,75.1,"Indian Ports Association (IPA) / Ministry of Ports, Shipping and Waterways",https://ipa.nic.in/,Government of India Open Data License (NDSAP),2024-03-01T10:00:00Z,v1.0-india-mopsw
2024-03-01,india-visakhapatnam,Visakhapatnam Port,Major Port - East Coast,6.691,6691000,57998,2141120,4549880,205,23036.0,51.0,69.1,"Indian Ports Association (IPA) / Ministry of Ports, Shipping and Waterways",https://ipa.nic.in/,Government of India Open Data License (NDSAP),2024-03-01T10:00:00Z,v1.0-india-mopsw
2024-03-01,india-kamarajar,Kamarajar Port (Ennore),Major Port - East Coast,3.912,3912000,53268,860640,3051360,113,29017.0,39.7,65.1,"Indian Ports Association (IPA) / Ministry of Ports, Shipping and Waterways",https://ipa.nic.in/,Government of India Open Data License (NDSAP),2024-03-01T10:00:00Z,v1.0-india-mopsw
2024-03-01,india-chennai,Chennai Port,Major Port - East Coast,4.307,4307000,140095,1636660,2670340,167,19773.0,47.2,63.1,"Indian Ports Association (IPA) / Ministry of Ports, Shipping and Waterways",https://ipa.nic.in/,Government of India Open Data License (NDSAP),2024-03-01T10:00:00Z,v1.0-india-mopsw
2024-03-01,india-vocpt,V.O. Chidambaranar Port (Tuticorin),Major Port - East Coast,3.453,3453000,73055,1035900,2417100,134,18142.0,43.4,66.1,"Indian Ports Association (IPA) / Ministry of Ports, Shipping and Waterways",https://ipa.nic.in/,Government of India Open Data License (NDSAP),2024-03-01T10:00:00Z,v1.0-india-mopsw
2024-03-01,india-kolkata-haldia,Syama Prasad Mookerjee Port (Kolkata/Haldia),Major Port - East Coast,5.431,5431000,59712,1412060,4018940,296,12596.0,71.7,72.1,"Indian Ports Association (IPA) / Ministry of Ports, Shipping and Waterways",https://ipa.nic.in/,Government of India Open Data License (NDSAP),2024-03-01T10:00:00Z,v1.0-india-mopsw
2024-04-01,india-paradip,Paradip Port,Major Port - East Coast,12.338,12338000,4784,3454640,8883360,200,33438.0,41.3,75.7,"Indian Ports Association (IPA) / Ministry of Ports, Shipping and Waterways",https://ipa.nic.in/,Government of India Open Data License (NDSAP),2024-04-01T10:00:00Z,v1.0-india-mopsw
2024-04-01,india-visakhapatnam,Visakhapatnam Port,Major Port - East Coast,6.988,6988000,58905,2236160,4751840,205,23083.0,50.7,69.7,"Indian Ports Association (IPA) / Ministry of Ports, Shipping and Waterways",https://ipa.nic.in/,Government of India Open Data License (NDSAP),2024-04-01T10:00:00Z,v1.0-india-mopsw
2024-04-01,india-kamarajar,Kamarajar Port (Ennore),Major Port - East Coast,4.092,4091999,54163,900240,3191759,113,29078.0,39.4,65.7,"Indian Ports Association (IPA) / Ministry of Ports, Shipping and Waterways",https://ipa.nic.in/,Government of India Open Data License (NDSAP),2024-04-01T10:00:00Z,v1.0-india-mopsw
2024-04-01,india-chennai,Chennai Port,Major Port - East Coast,4.496,4496000,142105,1708480,2787520,167,19813.0,46.9,63.7,"Indian Ports Association (IPA) / Ministry of Ports, Shipping and Waterways",https://ipa.nic.in/,Government of India Open Data License (NDSAP),2024-04-01T10:00:00Z,v1.0-india-mopsw
2024-04-01,india-vocpt,V.O. Chidambaranar Port (Tuticorin),Major Port - East Coast,3.607,3607000,74152,1082100,2524900,135,18178.0,43.2,66.7,"Indian Ports Association (IPA) / Ministry of Ports, Shipping and Waterways",https://ipa.nic.in/,Government of India Open Data License (NDSAP),2024-04-01T10:00:00Z,v1.0-india-mopsw
2024-04-01,india-kolkata-haldia,Syama Prasad Mookerjee Port (Kolkata/Haldia),Major Port - East Coast,5.67,5670000,60569,1474200,4195800,297,12619.0,71.4,72.7,"Indian Ports Association (IPA) / Ministry of Ports, Shipping and Waterways",https://ipa.nic.in/,Government of India Open Data License (NDSAP),2024-04-01T10:00:00Z,v1.0-india-mopsw
2024-05-01,india-paradip,Paradip Port,Major Port - East Coast,12.87,12870000,4778,3603600,9266400,200,33479.0,41.2,77.0,"Indian Ports Association (IPA) / Ministry of Ports, Shipping and Waterways",https://ipa.nic.in/,Government of India Open Data License (NDSAP),2024-05-01T10:00:00Z,v1.0-india-mopsw
2024-05-01,india-visakhapatnam,Visakhapatnam Port,Major Port - East Coast,7.287,7287000,58876,2331840,4955160,205,23100.0,50.6,71.0,"Indian Ports Association (IPA) / Ministry of Ports, Shipping and Waterways",https://ipa.nic.in/,Government of India Open Data License (NDSAP),2024-05-01T10:00:00Z,v1.0-india-mopsw
2024-05-01,india-kamarajar,Kamarajar Port (Ennore),Major Port - East Coast,4.274,4274000,54198,940280,3333720,113,29109.0,39.3,67.0,"Indian Ports Association (IPA) / Ministry of Ports, Shipping and Waterways",https://ipa.nic.in/,Government of India Open Data License (NDSAP),2024-05-01T10:00:00Z,v1.0-india-mopsw
2024-05-01,india-chennai,Chennai Port,Major Port - East Coast,4.685,4685000,141857,1780300,2904700,167,19823.0,46.8,65.0,"Indian Ports Association (IPA) / Ministry of Ports, Shipping and Waterways",https://ipa.nic.in/,Government of India Open Data License (NDSAP),2024-05-01T10:00:00Z,v1.0-india-mopsw
2024-05-01,india-vocpt,V.O. Chidambaranar Port (Tuticorin),Major Port - East Coast,3.761,3761000,74070,1128300,2632700,135,18184.0,43.1,68.0,"Indian Ports Association (IPA) / Ministry of Ports, Shipping and Waterways",https://ipa.nic.in/,Government of India Open Data License (NDSAP),2024-05-01T10:00:00Z,v1.0-india-mopsw
2024-05-01,india-kolkata-haldia,Syama Prasad Mookerjee Port (Kolkata/Haldia),Major Port - East Coast,5.911,5911000,60463,1536860,4374140,297,12612.0,71.2,74.0,"Indian Ports Association (IPA) / Ministry of Ports, Shipping and Waterways",https://ipa.nic.in/,Government of India Open Data License (NDSAP),2024-05-01T10:00:00Z,v1.0-india-mopsw
2024-06-01,india-paradip,Paradip Port,Major Port - East Coast,12.23,12230000,4733,3424400,8805600,184,33495.0,41.2,78.4,"Indian Ports Association (IPA) / Ministry of Ports, Shipping and Waterways",https://ipa.nic.in/,Government of India Open Data License (NDSAP),2024-06-01T10:00:00Z,v1.0-india-mopsw
2024-06-01,india-visakhapatnam,Visakhapatnam Port,Major Port - East Coast,6.922,6922000,58354,2215040,4706960,189,23092.0,50.6,72.4,"Indian Ports Association (IPA) / Ministry of Ports, Shipping and Waterways",https://ipa.nic.in/,Government of India Open Data License (NDSAP),2024-06-01T10:00:00Z,v1.0-india-mopsw
2024-06-01,india-kamarajar,Kamarajar Port (Ennore),Major Port - East Coast,4.067,4067000,53777,894740,3172260,104,29115.0,39.4,68.4,"Indian Ports Association (IPA) / Ministry of Ports, Shipping and Waterways",https://ipa.nic.in/,Government of India Open Data License (NDSAP),2024-06-01T10:00:00Z,v1.0-india-mopsw
2024-06-01,india-chennai,Chennai Port,Major Port - East Coast,4.447,4447000,140423,1689860,2757140,154,19807.0,46.9,66.4,"Indian Ports Association (IPA) / Ministry of Ports, Shipping and Waterways",https://ipa.nic.in/,Government of India Open Data License (NDSAP),2024-06-01T10:00:00Z,v1.0-india-mopsw
2024-06-01,india-vocpt,V.O. Chidambaranar Port (Tuticorin),Major Port - East Coast,3.573,3573000,73368,1071900,2501100,124,18165.0,43.1,69.4,"Indian Ports Association (IPA) / Ministry of Ports, Shipping and Waterways",https://ipa.nic.in/,Government of India Open Data License (NDSAP),2024-06-01T10:00:00Z,v1.0-india-mopsw
2024-06-01,india-kolkata-haldia,Syama Prasad Mookerjee Port (Kolkata/Haldia),Major Port - East Coast,5.613,5613000,59852,1459380,4153620,274,12580.0,71.2,75.4,"Indian Ports Association (IPA) / Ministry of Ports, Shipping and Waterways",https://ipa.nic.in/,Government of India Open Data License (NDSAP),2024-06-01T10:00:00Z,v1.0-india-mopsw
2024-07-01,india-paradip,Paradip Port,Major Port - East Coast,12.39,12390000,4663,3469200,8920800,185,33495.0,41.5,79.8,"Indian Ports Association (IPA) / Ministry of Ports, Shipping and Waterways",https://ipa.nic.in/,Government of India Open Data License (NDSAP),2024-07-01T10:00:00Z,v1.0-india-mopsw
2024-07-01,india-visakhapatnam,Visakhapatnam Port,Major Port - East Coast,7.01,7010000,57522,2243200,4766800,190,23069.0,50.8,73.8,"Indian Ports Association (IPA) / Ministry of Ports, Shipping and Waterways",https://ipa.nic.in/,Government of India Open Data License (NDSAP),2024-07-01T10:00:00Z,v1.0-india-mopsw
2024-07-01,india-kamarajar,Kamarajar Port (Ennore),Major Port - East Coast,4.125,4125000,53069,907500,3217500,105,29105.0,39.6,69.8,"Indian Ports Association (IPA) / Ministry of Ports, Shipping and Waterways",https://ipa.nic.in/,Government of India Open Data License (NDSAP),2024-07-01T10:00:00Z,v1.0-india-mopsw
2024-07-01,india-chennai,Chennai Port,Major Port - East Coast,4.501,4501000,138250,1710380,2790620,155,19777.0,47.1,67.8,"Indian Ports Association (IPA) / Ministry of Ports, Shipping and Waterways",https://ipa.nic.in/,Government of India Open Data License (NDSAP),2024-07-01T10:00:00Z,v1.0-india-mopsw
2024-07-01,india-vocpt,V.O. Chidambaranar Port (Tuticorin),Major Port - East Coast,3.618,3618000,72278,1085400,2532600,125,18130.0,43.4,70.8,"Indian Ports Association (IPA) / Ministry of Ports, Shipping and Waterways",https://ipa.nic.in/,Government of India Open Data License (NDSAP),2024-07-01T10:00:00Z,v1.0-india-mopsw
2024-07-01,india-kolkata-haldia,Syama Prasad Mookerjee Port (Kolkata/Haldia),Major Port - East Coast,5.682,5682000,58926,1477320,4204680,275,12533.0,71.4,76.8,"Indian Ports Association (IPA) / Ministry of Ports, Shipping and Waterways",https://ipa.nic.in/,Government of India Open Data License (NDSAP),2024-07-01T10:00:00Z,v1.0-india-mopsw
